,prediction,source,stock_info,datetime
0,"Buy KEI Industries, target price Rs 5230", Motilal Oswal,"KEI Industries Ltd., incorporated in the year 1992, is a Mid Cap company (having a market cap of Rs 38867.44 Crore) operating in Cables sector.","Jul 31, 2024, 09:35 AM IST"
1,"Buy Hindustan Petroleum Corporation, target price Rs 460", Motilal Oswal,"Hindustan Petroleum Corporation Ltd., incorporated in the year 1952, is a Large Cap company (having a market cap of Rs 56139.05 Crore) operating in Gas & Petroleum sector.","Jul 31, 2024, 09:32 AM IST"
2,"Buy Tata Consumer Products, target price Rs 1380", Motilal Oswal,"Tata Consumer Products Ltd. key Products/Revenue Segments include Tea, Other Operating Revenue, Royalty Income for the year ending 31-Mar-2024.","Jul 31, 2024, 09:28 AM IST"
3,"Buy Varun Beverages, target price Rs 1850", Motilal Oswal,"Varun Beverages Ltd., incorporated in the year 1995, is a Large Cap company (having a market cap of Rs 204973.73 Crore) operating in FMCG sector.","Jul 31, 2024, 09:25 AM IST"
4,"Buy Indian Oil Corporation, target price Rs 215", Motilal Oswal,"Indian Oil Corporation Ltd., incorporated in the year 1959, is a Large Cap company (having a market cap of Rs 258348.06 Crore) operating in Gas & Petroleum sector.","Jul 31, 2024, 09:22 AM IST"
5,"Buy Avenue Supermarts, target price Rs 5500", Motilal Oswal,"Avenue Supermarts Ltd., incorporated in the year 2000, is a Large Cap company (having a market cap of Rs 327136.53 Crore) operating in Retail sector.","Jul 31, 2024, 09:18 AM IST"
6,"Buy JSW Infrastructure, target price Rs 390", Motilal Oswal,"JSW Infrastructure Ltd., incorporated in the year 2006, is a Small Cap company (having a market cap of Rs 70854.05 Crore) operating in Shipping sector.","Jul 31, 2024, 09:15 AM IST"
7,"Buy Larsen & Toubro, target price Rs 4179", Geojit,"Larsen & Toubro Ltd., incorporated in the year 1946, is a Large Cap company (having a market cap of Rs 516145.48 Crore) operating in Construction sector.","Jul 30, 2024, 09:39 AM IST"
8,"Buy IDFC First Bank, target price Rs 90", Axis Securities,"IDFC First Bank Ltd., incorporated in the year 2014, is a banking company (having a market cap of Rs 56548.61 Crore).","Jul 30, 2024, 09:35 AM IST"
9,"Buy Sumitomo Chemical India, target price Rs 570", Anand Rathi,"Sumitomo Chemical India Ltd., incorporated in the year 2000, is a Small Cap company (having a market cap of Rs 26641.90 Crore) operating in Pesticides/Agro Chemicals sector.","Jul 30, 2024, 09:31 AM IST"
10,"Buy ICICI Bank, target price Rs 1425", Axis Securities,"ICICI Bank Ltd., incorporated in the year 1994, is a banking company (having a market cap of Rs 853278.57 Crore).","Jul 30, 2024, 09:27 AM IST"
11,"Buy SBI Life Insurance Company, target price Rs 1955", Axis Securities,"SBI Life Insurance Company Ltd., incorporated in the year 2000, is a Large Cap company (having a market cap of Rs 174945.43 Crore) operating in Financial Services sector.","Jul 30, 2024, 09:24 AM IST"
12,"Buy Mahanagar Gas, target price Rs 2264", Anand Rathi,"Mahanagar Gas Ltd., incorporated in the year 1995, is a Mid Cap company (having a market cap of Rs 18174.62 Crore) operating in Gas & Petroleum sector.","Jul 30, 2024, 09:20 AM IST"
13,"Buy Jubilant Ingrevia, target price Rs 735", Anand Rathi,"Jubilant Ingrevia Ltd., incorporated in the year 2019, is a Small Cap company (having a market cap of Rs 9665.98 Crore) operating in Chemicals sector.","Jul 30, 2024, 09:16 AM IST"
14,"Buy Cipla, target price Rs 1830", Motilal Oswal,"Cipla Ltd., incorporated in the year 1935, is a Large Cap company (having a market cap of Rs 124555.61 Crore) operating in Pharmaceuticals sector.","Jul 29, 2024, 10:24 AM IST"
15,"Buy UltraTech Cement, target price Rs 13000", Motilal Oswal,"UltraTech Cement Ltd. key Products/Revenue Segments include Portland/Possolana Cement, Cement Grey, Other Operating Revenue, Scrap, Lease Rentals, Sale of services for the year ending 31-Mar-2024.","Jul 29, 2024, 10:17 AM IST"
16,"Buy Maruti Suzuki India, target price Rs 14440", Motilal Oswal,"Maruti Suzuki India Ltd., incorporated in the year 1981, is a Large Cap company (having a market cap of Rs 399322.71 Crore) operating in Auto sector.","Jul 29, 2024, 10:12 AM IST"
17,"Buy Atul, target price Rs 9100", Motilal Oswal,"Atul Ltd., incorporated in the year 1975, is a Mid Cap company (having a market cap of Rs 23328.76 Crore) operating in Chemicals sector.","Jul 29, 2024, 10:09 AM IST"
18,"Buy ICICI Bank, target price Rs 1400", Motilal Oswal,"ICICI Bank Ltd., incorporated in the year 1994, is a banking company (having a market cap of Rs 870622.77 Crore).","Jul 29, 2024, 10:06 AM IST"
19,"Buy Reliance Industries, target price Rs 3300", Anand Rathi,"Reliance Industries Ltd., incorporated in the year 1973, is a Large Cap company (having a market cap of Rs 2049490.77 Crore) operating in Diversified sector.","Jul 29, 2024, 09:30 AM IST"
20,"Buy Nestle India, target price Rs 2800", Axis Securities,"Nestle India Ltd., incorporated in the year 1959, is a Large Cap company (having a market cap of Rs 239115.80 Crore) operating in FMCG sector.","Jul 29, 2024, 09:26 AM IST"
21,"Buy Au Small Finance Bank, target price Rs 675", JM Financial,"Au Small Finance Bank Ltd., incorporated in the year 1996, is a banking company (having a market cap of Rs 47595.63 Crore).","Jul 26, 2024, 10:30 AM IST"
22,"Buy ZF Commercial Vehicle Control Systems India, target price Rs 18400", Anand Rathi,"ZF Commercial Vehicle Control Systems India Ltd., incorporated in the year 2004, is a Mid Cap company (having a market cap of Rs 29206.19 Crore) operating in Auto Ancillaries sector.","Jul 26, 2024, 10:24 AM IST"
23,"Buy Tech Mahindra, target price Rs 1760", JM Financial,"Tech Mahindra Ltd., incorporated in the year 1986, is a Large Cap company (having a market cap of Rs 143416.23 Crore) operating in IT Software sector.","Jul 26, 2024, 10:06 AM IST"
24,"Hold Supreme Industries, target price Rs 6087", Anand Rathi,"Supreme Industries Ltd. key Products/Revenue Segments include Plastic Products, Polymers (Traded), Other Operating Revenue, Processing Charges and Export Incentives for the year ending 31-Mar-2024.","Jul 26, 2024, 09:37 AM IST"
25,"Buy KPIT Technologies, target price Rs 2150", Axis Securities,KPIT Technologies Ltd. key Products/Revenue Segments include Software Services and Software Products for the year ending 31-Mar-2023.,"Jul 26, 2024, 09:16 AM IST"
26,"Buy Havells India, target price Rs 2020", Prabhudas Lilladher,"Havells India Ltd., incorporated in the year 1983, is a Large Cap company (having a market cap of Rs 114525.58 Crore) operating in Consumer Durables sector.","Jul 26, 2024, 09:10 AM IST"
27,"Buy DCB Bank, target price Rs 166", Anand Rathi,"DCB Bank Ltd. key Products/Revenue Segments include Interest & Discount on Advances & Bills, Income From Investment, Interest and Interest On Balances with RBI and Other Inter-Bank Funds for the year ending 31-Mar-2024.","Jul 26, 2024, 09:06 AM IST"
28,"Buy Suzlon Energy, target price Rs 71", JM Financial,"Suzlon Energy Ltd. key Products/Revenue Segments include Wind Turbine Generator, Sale of services, Other Operating Revenue, Scrap for the year ending 31-Mar-2023.","Jul 25, 2024, 09:35 AM IST"
29,"Buy Axis Bank, target price Rs 1375", JM Financial,"Axis Bank Ltd., incorporated in the year 1993, is a banking company (having a market cap of Rs 362764.03 Crore).","Jul 25, 2024, 09:32 AM IST"
30,"Buy DCB Bank, target price Rs 175", Motilal Oswal,"DCB Bank Ltd., incorporated in the year 1995, is a banking company (having a market cap of Rs 4172.94 Crore).","Jul 25, 2024, 09:28 AM IST"
31,"Buy Federal Bank, target price Rs 230", Motilal Oswal,"Federal Bank Ltd., incorporated in the year 1931, is a banking company (having a market cap of Rs 48820.65 Crore).","Jul 25, 2024, 09:24 AM IST"
32,"Buy Jindal Steel & Power, target price Rs 1200", Motilal Oswal,"Jindal Steel & Power Ltd., incorporated in the year 1979, is a Mid Cap company (having a market cap of Rs 99198.47 Crore) operating in Metals - Ferrous sector.","Jul 25, 2024, 09:20 AM IST"
33,"Buy SBI Life Insurance Company, target price Rs 1900", Motilal Oswal,"SBI Life Insurance Company Ltd., incorporated in the year 2000, is a Large Cap company (having a market cap of Rs 163552.49 Crore) operating in Financial Services sector.","Jul 25, 2024, 09:17 AM IST"
34,"Buy Larsen & Toubro, target price Rs 4150", Motilal Oswal,"Larsen & Toubro Ltd., incorporated in the year 1946, is a Large Cap company (having a market cap of Rs 483870.92 Crore) operating in Construction sector.","Jul 25, 2024, 09:14 AM IST"
35,"Sell Mangalore Refinery And Petrochemicals, target price Rs 130", Prabhudas Lilladher,"Mangalore Refinery And Petrochemicals Ltd., incorporated in the year 1988, is a Mid Cap company (having a market cap of Rs 36094.77 Crore) operating in Gas & Petroleum sector.","Jul 24, 2024, 10:14 AM IST"
36,"Add Dodla Dairy, target price Rs 1320", ICICI Securities,"Dodla Dairy Ltd. key Products/Revenue Segments include Milk & Milk Products, Sale of services and Scrap for the year ending 31-Mar-2024.","Jul 24, 2024, 10:07 AM IST"
37,"Buy Kajaria Ceramics, target price Rs 1670", Motilal Oswal,"Kajaria Ceramics Ltd., incorporated in the year 1985, is a Mid Cap company (having a market cap of Rs 22969.82 Crore) operating in Building Materials sector.","Jul 24, 2024, 09:24 AM IST"
38,"Buy Mahindra & Mahindra Financial Services, target price Rs 350", Motilal Oswal,"Mahindra & Mahindra Financial Services Ltd., incorporated in the year 1991, is a Large Cap company (having a market cap of Rs 36553.15 Crore) operating in NBFC sector.","Jul 24, 2024, 09:21 AM IST"
39,"Buy Blue Dart Express, target price Rs 9500", Motilal Oswal,"Blue Dart Express Ltd., incorporated in the year 1991, is a Mid Cap company (having a market cap of Rs 18616.58 Crore) operating in Logistics sector.","Jul 24, 2024, 09:16 AM IST"
40,"Buy ICICI Prudential Life Insurance Company, target price Rs 740", Motilal Oswal,"ICICI Prudential Life Insurance Company Ltd., incorporated in the year 2000, is a Large Cap company (having a market cap of Rs 92051.15 Crore) operating in Financial Services sector.","Jul 24, 2024, 09:13 AM IST"
41,"Buy Hindustan Unilever, target price Rs 3250", Motilal Oswal,"Hindustan Unilever Ltd., incorporated in the year 1933, is a Large Cap company (having a market cap of Rs 649979.18 Crore) operating in FMCG sector.","Jul 24, 2024, 09:09 AM IST"
42,"Sell YES Bank, target price Rs 20", ICICI Securities,"YES Bank Ltd., incorporated in the year 2003, is a banking company (having a market cap of Rs 79592.58 Crore).","Jul 23, 2024, 10:29 AM IST"
43,"Add JK Cement, target price Rs 4818", ICICI Securities,JK Cement Ltd. key Products/Revenue Segments include Cement and Other Operating Revenue for the year ending 31-Mar-2024.,"Jul 23, 2024, 10:22 AM IST"
44,"Add Rossari Biotech, target price Rs 885", ICICI Securities,"Rossari Biotech Ltd., incorporated in the year 2009, is a Small Cap company (having a market cap of Rs 4501.56 Crore) operating in Chemicals sector.","Jul 23, 2024, 10:17 AM IST"
45,"Buy Cyient DLM, target price Rs 910", JM Financial,"Cyient DLM Ltd., incorporated in the year 1993, is a Small Cap company (having a market cap of Rs 5927.34 Crore) operating in General sector.","Jul 23, 2024, 10:11 AM IST"
46,"Buy Route Mobile, target price Rs 1880", JM Financial,"Route Mobile Ltd., incorporated in the year 2004, is a Small Cap company (having a market cap of Rs 10987.05 Crore) operating in Services sector","Jul 23, 2024, 10:08 AM IST"
47,"Buy PVR INOX, target price Rs 2040", JM Financial,"PVR INOX Ltd., incorporated in the year 1995, is a Mid Cap company (having a market cap of Rs 13629.09 Crore) operating in Media & Entertainment sector.","Jul 23, 2024, 10:05 AM IST"
48,"Buy Poonawalla Fincorp, target price Rs 535", JM Financial,"Poonawalla Fincorp Ltd., incorporated in the year 1978, is a Small Cap company (having a market cap of Rs 31123.76 Crore) operating in NBFC sector.","Jul 23, 2024, 10:00 AM IST"
49,"Buy ICICI Lombard General Insurance Company, target price Rs 2200", Motilal Oswal,"ICICI Lombard General Insurance Company Ltd. key Products/Revenue Segments include Miscellaneous Insurance, Other Operating Revenue, Fire Insurance and Marine Insurance for the year ending 31-Mar-2024.","Jul 22, 2024, 09:35 AM IST"
50,"Buy Polycab India, target price Rs 8200", Motilal Oswal,"Polycab India Ltd., incorporated in the year 1996, is a Mid Cap company (having a market cap of Rs 95469.26 Crore) operating in Consumer Durables sector.","Jul 22, 2024, 09:32 AM IST"
51,"Buy Union Bank of India, target price Rs 165", Motilal Oswal,"Union Bank of India, incorporated in the year 1919, is a banking company (having a market cap of Rs 103549.86 Crore).","Jul 22, 2024, 09:29 AM IST"
52,"Buy JSW Steel, target price Rs 1030", Motilal Oswal,"JSW Steel Ltd., incorporated in the year 1994, is a Large Cap company (having a market cap of Rs 217510.90 Crore) operating in Metals - Ferrous sector.","Jul 22, 2024, 09:26 AM IST"
53,"Buy UltraTech Cement, target price Rs 13000", Motilal Oswal,"UltraTech Cement Ltd., incorporated in the year 2000, is a Large Cap company (having a market cap of Rs 325024.10 Crore) operating in Cement sector.","Jul 22, 2024, 09:22 AM IST"
54,"Buy Persistent Systems, target price Rs 5700", Motilal Oswal,"Persistent Systems Ltd., incorporated in the year 1990, is a Mid Cap company (having a market cap of Rs 70608.05 Crore) operating in IT Software sector.","Jul 22, 2024, 09:16 AM IST"
55,"Buy HDFC Bank, target price Rs 1850", Motilal Oswal,"HDFC Bank Ltd., incorporated in the year 1994, is a banking company (having a market cap of Rs 1222853.50 Crore).","Jul 22, 2024, 09:11 AM IST"
56,"Buy Ujjivan Small Finance Bank, target price Rs 65", HDFC Securities,"Ujjivan Small Finance Bank Ltd., incorporated in the year 2016, is a banking company (having a market cap of Rs 8400.88 Crore).","Jul 19, 2024, 09:29 AM IST"
57,"Buy ICICI Bank, target price Rs 1325", HDFC Securities,"ICICI Bank Ltd. key Products/Revenue Segments include Interest & Discount on Advances & Bills, Income From Investment, Interest and Interest On Balances with RBI and Other Inter-Bank Funds for the year ending 31-Mar-2023.","Jul 19, 2024, 09:26 AM IST"
58,"Buy L&T Finance, target price Rs 230", Motilal Oswal,"L&T Finance Ltd., incorporated in the year 2008, is a Large Cap company (having a market cap of Rs 45954.97 Crore) operating in NBFC sector.","Jul 19, 2024, 09:21 AM IST"
59,"Buy L&T Technology Services, target price Rs 5950", Motilal Oswal,"L&T Technology Services Ltd., incorporated in the year 2012, is a Mid Cap company (having a market cap of Rs 51326.69 Crore) operating in IT Software sector.","Jul 19, 2024, 09:17 AM IST"
60,"Buy JSW Infrastructure, target price Rs 390", Motilal Oswal,"JSW Infrastructure Ltd., incorporated in the year 2006, is a Small Cap company (having a market cap of Rs 70581.05 Crore) operating in Shipping sector.","Jul 19, 2024, 09:14 AM IST"
61,"Buy Infosys, target price Rs 2000", Motilal Oswal,"Infosys Ltd., incorporated in the year 1981, is a Large Cap company (having a market cap of Rs 729947.37 Crore) operating in IT Software sector.","Jul 19, 2024, 09:11 AM IST"
62,"Buy Ceat, target price Rs 3350", Prabhudas Lilladher,"Ceat Ltd., incorporated in the year 1958, is a Mid Cap company (having a market cap of Rs 11098.09 Crore) operating in Tyres sector.","Jul 18, 2024, 09:36 AM IST"
63,"Buy Apollo Tyres, target price Rs 686", Prabhudas Lilladher,"Apollo Tyres Ltd., incorporated in the year 1972, is a Mid Cap company (having a market cap of Rs 34803.53 Crore) operating in Tyres sector.","Jul 18, 2024, 09:32 AM IST"
64,"Reduce Bajaj Auto, target price Rs 8300", Emkay Global,"Bajaj Auto Ltd., incorporated in the year 2007, is a Large Cap company (having a market cap of Rs 271316.66 Crore) operating in Auto sector.","Jul 18, 2024, 09:28 AM IST"
65,"Buy 360 One Wam, target price Rs 1150", Motilal Oswal,"360 One Wam Ltd., incorporated in the year 2008, is a Mid Cap company (having a market cap of Rs 35195.45 Crore) operating in NBFC sector.","Jul 18, 2024, 09:23 AM IST"
66,"Buy Angel One, target price Rs 3300", Motilal Oswal,"Angel One Ltd., incorporated in the year 1996, is a Small Cap company (having a market cap of Rs 19942.35 Crore) operating in Financial Services sector.","Jul 18, 2024, 09:18 AM IST"
67,"Buy LTIMindtree, target price Rs 7000", Motilal Oswal,LTIMindtree Ltd. key Products/Revenue Segments include Software Development Charges & Other Services for the year ending 31-Mar-2023.&lt;,"Jul 18, 2024, 09:14 AM IST"
68,"Buy Fortis Healthcare, target price Rs 595", JM Financial,"Fortis Healthcare Ltd. key Products/Revenue Segments include HealthCare Services, Lease Rentals, Other Operating Revenue and Pharmaceuticals for the year ending 31-Mar-2024.","Jul 16, 2024, 09:38 AM IST"
69,"Buy Jupiter Life Line Hospitals, target price Rs 1515", JM Financial,"Jupiter Life Line Hospitals Ltd., incorporated in the year 2002, is a Small Cap company (having a market cap of Rs 8578.99 Crore) operating in Hospitals & Allied Services sector.","Jul 16, 2024, 09:34 AM IST"
70,"Buy Global Health, target price Rs 1465", JM Financial,"Global Health Ltd. key Products/Revenue Segments include Hospital Services, Pharmaceuticals and Other Operating Revenue for the year ending 31-Mar-2023.","Jul 16, 2024, 09:30 AM IST"
71,"Buy GPT Healthcare, target price Rs 245", JM Financial,"GPT Healthcare Ltd., incorporated in the year 1989, is a Large Cap company (having a market cap of Rs 1356.86 Crore) operating in General sector.","Jul 16, 2024, 09:24 AM IST"
72,"Buy Hindustan Unilever, target price Rs 2800", BNP Paribas Securities,"Hindustan Unilever Ltd., incorporated in the year 1933, is a Large Cap company (having a market cap of Rs 615663.40 Crore) operating in FMCG sector.","Jul 16, 2024, 09:17 AM IST"
73,"Buy Varun Beverages, target price Rs 1900", Motilal Oswal,"Varun Beverages Ltd., incorporated in the year 1995, is a Large Cap company (having a market cap of Rs 211529.41 Crore) operating in FMCG sector.","Jul 16, 2024, 09:11 AM IST"
74,"Buy HDFC Life Insurance Company, target price Rs 750", Motilal Oswal,"HDFC Life Insurance Company Ltd., incorporated in the year 2000, is a Large Cap company (having a market cap of Rs 137240.99 Crore) operating in Financial Services sector.","Jul 16, 2024, 09:08 AM IST"
75,"Buy Vinati Organics, target price Rs 2340", Motilal Oswal,"Vinati Organics Ltd., incorporated in the year 1989, is a Mid Cap company (having a market cap of Rs 19653.97 Crore) operating in Chemicals sector.","Jul 15, 2024, 09:44 AM IST"
76,"Buy Au Small Finance Bank, target price Rs 735", Motilal Oswal,"Au Small Finance Bank Ltd., incorporated in the year 1996, is a banking company (having a market cap of Rs 47647.14 Crore).","Jul 15, 2024, 09:40 AM IST"
77,"Buy Tube Investments of India, target price Rs 4830", Motilal Oswal,"Tube Investments of India Ltd., incorporated in the year 2008, is a Mid Cap company (having a market cap of Rs 79662.37 Crore) operating in Consumer Durables sector.","Jul 15, 2024, 09:33 AM IST"
78,"Buy Kalyan Jewellers India, target price Rs 570", Motilal Oswal,"Kalyan Jewellers India Ltd., incorporated in the year 2009, is a Small Cap company (having a market cap of Rs 51571.89 Crore) operating in Gems and Jewellery sector.","Jul 15, 2024, 09:29 AM IST"
79,"Buy ACC, target price Rs 3300", Motilal Oswal,"ACC Ltd., incorporated in the year 1936, is a Large Cap company (having a market cap of Rs 50678.15 Crore) operating in Cement sector.","Jul 15, 2024, 09:25 AM IST"
80,"Buy Avenue Supermarts, target price Rs 5500", Motilal Oswal,"Avenue Supermarts Ltd., incorporated in the year 2000, is a Large Cap company (having a market cap of Rs 321699.65 Crore) operating in Retail sector.","Jul 15, 2024, 09:16 AM IST"
81,"Buy HCL Technologies, target price Rs 1850", Motilal Oswal,"HCL Technologies Ltd., incorporated in the year 1991, is a Large Cap company (having a market cap of Rs 423386.03 Crore) operating in IT Software sector.","Jul 15, 2024, 09:12 AM IST"
82,"Buy Medplus Health Services, target price Rs 820", HDFC Securities,"Medplus Health Services Ltd. key Products/Revenue Segments include Pharmaceuticals, Sale of services and Other Operating Revenue for the year ending 31-Mar-2023.","Jul 12, 2024, 09:35 AM IST"
83,"Buy Orient Electric, target price Rs 320", HDFC Securities,"Orient Electric Ltd. key Products/Revenue Segments include Electrical Equipment, Scrap, Sale of services and Export Incentives for the year ending 31-Mar-2024.","Jul 12, 2024, 09:32 AM IST"
84,"Buy Apollo Hospitals Enterprise, target price Rs 7250", HDFC Securities,"Apollo Hospitals Enterprise Ltd., incorporated in the year 1979, is a Large Cap company (having a market cap of Rs 91678.54 Crore) operating in Hospitals & Allied Services sector.","Jul 12, 2024, 09:29 AM IST"
85,"Buy Bajaj Electricals, target price Rs 1200", HDFC Securities,"Bajaj Electricals Ltd., incorporated in the year 1938, is a Mid Cap company (having a market cap of Rs 12349.02 Crore) operating in Consumer Durables sector.","Jul 12, 2024, 09:25 AM IST"
86,"Reduce Tata Elxsi, target price Rs 6710", HDFC Securities,Tata Elxsi Ltd. key Products/Revenue Segments include Software Development Charges and Traded Goods for the year ending 31-Mar-2024.,"Jul 12, 2024, 09:21 AM IST"
87,"Buy Shivalik Bimetal Controls, target price Rs 785", Anand Rathi,"Shivalik Bimetal Controls Ltd., incorporated in the year 1984, is a Small Cap company (having a market cap of Rs 3596.81 Crore) operating in Metals - Ferrous sector.","Jul 12, 2024, 09:17 AM IST"
88,"Buy Tata Consultancy Services, target price Rs 4660", Motilal Oswal,"Tata Consultancy Services Ltd., incorporated in the year 1995, is a Large Cap company (having a market cap of Rs 1419629.00 Crore) operating in IT Software sector.","Jul 12, 2024, 09:13 AM IST"
89,"Buy Star Cement, target price Rs 250", HDFC Securities,"Star Cement Ltd., incorporated in the year 2001, is a Mid Cap company (having a market cap of Rs 8499.91 Crore) operating in Cement sectors","Jul 11, 2024, 09:37 AM IST"
90,"Buy JK Lakshmi Cement, target price Rs 1015", HDFC Securities,"JK Lakshmi Cement Ltd., incorporated in the year 1938, is a Mid Cap company (having a market cap of Rs 10593.84 Crore) operating in Cement sector.","Jul 11, 2024, 09:33 AM IST"
91,"Buy Birla Corporation, target price Rs 1815", HDFC Securities,"Birla Corporation Ltd. key Products/Revenue Segments include Cement, Jute Goods, Royalty Income, Other Operating Revenue, Export Incentives and Others for the year ending 31-Mar-2022.","Jul 11, 2024, 09:30 AM IST"
92,"Buy ACC, target price Rs 3025", HDFC Securities,"ACC Ltd., incorporated in the year 1936, is a Large Cap company (having a market cap of Rs 51081.89 Crore) operating in Cement sector.","Jul 11, 2024, 09:27 AM IST"
93,"Buy Nuvoco Vistas Corporation, target price Rs 465", HDFC Securities,"Nuvoco Vistas Corporation Ltd., incorporated in the year 1999, is a Small Cap company (having a market cap of Rs 12855.84 Crore) operating in Cement sector.","Jul 11, 2024, 09:24 AM IST"
94,"Buy Dalmia Bharat, target price Rs 2205", HDFC Securities,"Dalmia Bharat Ltd., incorporated in the year 2013, is a Mid Cap company (having a market cap of Rs 34983.26 Crore) operating in Cement sector.","Jul 11, 2024, 09:16 AM IST"
95,"Buy Hindalco Industries, target price Rs 800", Motilal Oswal,"Hindalco Industries Ltd., incorporated in the year 1958, is a Large Cap company (having a market cap of Rs 155799.52 Crore) operating in Metals - Non Ferrous sector.","Jul 11, 2024, 09:12 AM IST"
96,"Buy HDFC Asset Management Company, target price Rs 4555", JM Financial,"HDFC Asset Management Company Ltd., incorporated in the year 1999, is a Large Cap company (having a market cap of Rs 89384.68 Crore) operating in Financial Services sector.","Jul 10, 2024, 09:40 AM IST"
97,"Buy Nippon Life India Asset Management, target price Rs 800", JM Financial,"Nippon Life India Asset Management Ltd., incorporated in the year 1995, is a Large Cap company (having a market cap of Rs 41778.37 Crore) operating in Financial Services sector.","Jul 10, 2024, 09:37 AM IST"
98,"Buy Imagicaaworld Entertainment, target price Rs 112", Prabhudas Lilladher,"Imagicaaworld Entertainment Ltd., incorporated in the year 2010, is a Small Cap company (having a market cap of Rs 4210.41 Crore) operating in Media & Entertainment sector.","Jul 10, 2024, 09:33 AM IST"
99,"Reduce Bharat Heavy Electricals, target price Rs 264", Prabhudas Lilladher,"Bharat Heavy Electricals Ltd. key Products/Revenue Segments include Erection & Other Services, Other Operating Revenue, Scrap and Export Incentives for the year ending 31-Mar-2023.","Jul 10, 2024, 09:20 AM IST"
100,"Buy Praj Industries, target price Rs 815", Prabhudas Lilladher,"Praj Industries Ltd., incorporated in the year 1985, is a Small Cap company (having a market cap of Rs 13705.10 Crore) operating in Engineering sector.","Jul 10, 2024, 09:17 AM IST"
101,"Buy Larsen & Toubro, target price Rs 4047", Prabhudas Lilladher,"Larsen & Toubro Ltd., incorporated in the year 1946, is a Large Cap company (having a market cap of Rs 503967.26 Crore) operating in Construction sector.","Jul 10, 2024, 09:13 AM IST"
102,"Reduce Max Healthcare Institute, target price Rs 880", HDFC Securities,"Max Healthcare Institute Ltd., incorporated in the year 2001, is a Small Cap company (having a market cap of Rs 89187.54 Crore) operating in Hospitals & Allied Services sector.","Jul 10, 2024, 09:09 AM IST"
103,"Buy Salzer Electronics, target price Rs 1080", HDFC Securities,"Salzer Electronics Ltd., incorporated in the year 1985, is a Small Cap company (having a market cap of Rs 1575.31 Crore) operating in Electric/Electronics sector.","Jul 9, 2024, 10:16 AM IST"
104,"Buy Hero MotoCorp, target price Rs 6106", Axis Securities,"Hero MotoCorp Ltd., incorporated in the year 1984, is a Large Cap company (having a market cap of Rs 110644.69 Crore) operating in Auto sector.","Jul 9, 2024, 09:41 AM IST"
105,"Buy Hindustan Copper, target price Rs 410", Anand Rathi,"Hindustan Copper Ltd., incorporated in the year 1967, is a Mid Cap company (having a market cap of Rs 33401.01 Crore) operating in Metals - Non Ferrous sector.","Jul 9, 2024, 09:38 AM IST"
106,"Buy Life Insurance Corporation of India, target price Rs 1222", JM Financial,"Life Insurance Corporation of India, incorporated in the year 1956, is a Small Cap company (having a market cap of Rs 641829.14 Crore) operating in Financial Services sector.","Jul 9, 2024, 09:34 AM IST"
107,"Buy ICICI Prudential Life Insurance Company, target price Rs 736", JM Financial,"ICICI Prudential Life Insurance Company Ltd., incorporated in the year 2000, is a Large Cap company (having a market cap of Rs 91875.30 Crore) operating in Financial Services sector.","Jul 9, 2024, 09:31 AM IST"
108,"Buy SBI Life Insurance Company, target price Rs 1783", JM Financial,"SBI Life Insurance Company Ltd., incorporated in the year 2000, is a Large Cap company (having a market cap of Rs 152072.53 Crore) operating in Financial Services sector.","Jul 9, 2024, 09:28 AM IST"
109,"Buy HDFC Life Insurance Company, target price Rs 819", JM Financial,"HDFC Life Insurance Company Ltd., incorporated in the year 2000, is a Large Cap company (having a market cap of Rs 134175.89 Crore) operating in Financial Services sector.","Jul 9, 2024, 09:25 AM IST"
110,"Buy Oil And Natural Gas Corporation, target price Rs 325", JM Financial,"Oil And Natural Gas Corporation Ltd., incorporated in the year 1993, is a Large Cap company (having a market cap of Rs 361745.93 Crore) operating in Gas & Petroleum sector.","Jul 8, 2024, 10:19 AM IST"
111,"Buy Gujarat Gas, target price Rs 700", JM Financial,"Gujarat Gas Ltd., incorporated in the year 2012, is a Mid Cap company (having a market cap of Rs 44266.93 Crore) operating in Gas & Petroleum sector.","Jul 8, 2024, 10:15 AM IST"
112,"Buy Bajaj Auto, target price Rs 10850", JM Financial,"Bajaj Auto Ltd., incorporated in the year 2007, is a Large Cap company (having a market cap of Rs 267140.13 Crore) operating in Auto sector.","Jul 8, 2024, 10:11 AM IST"
113,"Buy Muthoot Microfin, target price Rs 300", JM Financial,"Muthoot Microfin Ltd., incorporated in the year 1992, is a Small Cap company (having a market cap of Rs 4091.81 Crore) operating in NBFC sector.","Jul 8, 2024, 10:08 AM IST"
114,"Buy DOMS Industries, target price Rs 2670", Motilal Oswal,"DOMS Industries Ltd. key Products/Revenue Segments include Stationery, Export Incentives and Other Operating Revenue for the year ending 31-Mar-2023.","Jul 8, 2024, 09:32 AM IST"
115,"Buy Raymond, target price Rs 3755", Motilal Oswal,"Raymond Ltd., incorporated in the year 1925, is a Mid Cap company (having a market cap of Rs 22258.59 Crore) operating in Textiles sector.","Jul 8, 2024, 09:29 AM IST"
116,"Buy VRL Logistics, target price Rs 670", Motilal Oswal,"VRL Logistics Ltd., incorporated in the year 1983, is a Small Cap company (having a market cap of Rs 5055.68 Crore) operating in Logistics sector.","Jul 8, 2024, 09:25 AM IST"
117,"Sell India Cements, target price Rs 130", ICICI Securities,"India Cements Ltd., incorporated in the year 1946, is a Small Cap company (having a market cap of Rs 8810.38 Crore) operating in Cement sector.","Jul 5, 2024, 09:52 AM IST"
118,"Buy Star Cement, target price Rs 271", ICICI Securities,"Star Cement Ltd., incorporated in the year 2001, is a Mid Cap company (having a market cap of Rs 8480.11 Crore) operating in Cement sector.","Jul 5, 2024, 09:49 AM IST"
119,"Buy Nazara Technologies, target price Rs 1080", ICICI Securities,"Nazara Technologies Ltd., incorporated in the year 1999, is a Small Cap company (having a market cap of Rs 7061.35 Crore) operating in Services sector.","Jul 5, 2024, 09:41 AM IST"
120,"Sell Indus Towers, target price Rs 270", ICICI Securities,Indus Towers Ltd. key Products/Revenue Segments include Income from Infrastructure Activity for the year ending 31-Mar-2023.,"Jul 5, 2024, 09:37 AM IST"
121,"Buy Solar Industries India, target price Rs 13250", ICICI Securities,"Solar Industries India Ltd., incorporated in the year 1995, is a Mid Cap company (having a market cap of Rs 110128.66 Crore) operating in Chemicals sector.","Jul 5, 2024, 09:32 AM IST"
122,"Buy RateGain Travel Technologies, target price Rs 900", Prabhudas Lilladher,"RateGain Travel Technologies Ltd., incorporated in the year 2012, is a Large Cap company (having a market cap of Rs 9477.98 Crore) operating in General sector.","Jul 5, 2024, 09:26 AM IST"
123,"Buy Zomato, target price Rs 250", JM Financial,"Zomato Ltd., incorporated in the year 2010, is a Small Cap company (having a market cap of Rs 182957.59 Crore) operating in Services sector.","Jul 5, 2024, 09:21 AM IST"
124,"Buy ACC, target price Rs 2900", Emkay Global,"ACC Ltd., incorporated in the year 1936, is a Large Cap company (having a market cap of Rs 51740.09 Crore) operating in Cement sector.","Jul 4, 2024, 09:57 AM IST"
125,"Buy Birla Corporation, target price Rs 1900", Emkay Global,"Birla Corporation Ltd., incorporated in the year 1919, is a Mid Cap company (having a market cap of Rs 12173.78 Crore) operating in Cement sector.","Jul 4, 2024, 09:53 AM IST"
126,"Buy Dalmia Bharat, target price Rs 2200", Emkay Global,"Dalmia Bharat Ltd., incorporated in the year 2013, is a Mid Cap company (having a market cap of Rs 34883.86 Crore) operating in Cement sector.","Jul 4, 2024, 09:47 AM IST"
127,"Buy Ambuja Cements, target price Rs 700", Emkay Global,"Ambuja Cements Ltd., incorporated in the year 1981, is a Large Cap company (having a market cap of Rs 169955.52 Crore) operating in Cement sector.","Jul 4, 2024, 09:42 AM IST"
128,"Reduce Bharat Petroleum Corporation, target price Rs 275", HDFC Securities,"Bharat Petroleum Corporation Ltd., incorporated in the year 1952, is a Large Cap company (having a market cap of Rs 133625.97 Crore) operating in Gas & Petroleum sector.","Jul 4, 2024, 09:32 AM IST"
129,"Buy Galaxy Surfactants, target price Rs 3465", HDFC Securities,Galaxy Surfactants Ltd. key Products/Revenue Segments include Other Operating Revenue and Scrap for the year ending 31-Mar-2023.,"Jul 4, 2024, 09:21 AM IST"
130,"Buy JK Lakshmi Cement, target price Rs 1015", HDFC Securities,"JK Lakshmi Cement Ltd., incorporated in the year 1938, is a Mid Cap company (having a market cap of Rs 10346.73 Crore) operating in Cement sector.","Jul 4, 2024, 09:13 AM IST"
131,"Add Coal India, target price Rs 495", ICICI Securities,"Coal India Ltd., incorporated in the year 1973, is a Large Cap company (having a market cap of Rs 296488.86 Crore) operating in Mining sector.","Jul 3, 2024, 09:40 AM IST"
132,"Accumulate LTIMindtree, target price Rs 5910", Prabhudas Lilladher,"LTIMindtree Ltd., incorporated in the year 1996, is a Large Cap company (having a market cap of Rs 162404.15 Crore) operating in IT Software sector.","Jul 3, 2024, 09:31 AM IST"
133,"Reduce Tech Mahindra, target price Rs 1230", Prabhudas Lilladher,"Tech Mahindra Ltd., incorporated in the year 1986, is a Large Cap company (having a market cap of Rs 142899.77 Crore) operating in IT Software sector.","Jul 3, 2024, 09:28 AM IST"
134,"Buy Infosys, target price Rs 1920", BNP Paribas,"Infosys Ltd., incorporated in the year 1981, is a Large Cap company (having a market cap of Rs 669451.90 Crore) operating in IT Software sector.","Jul 3, 2024, 09:24 AM IST"
135,"Buy HCL Technologies, target price Rs 1750", BNP Paribas Securities,"HCL Technologies Ltd., incorporated in the year 1991, is a Large Cap company (having a market cap of Rs 401839.53 Crore) operating in IT Software sector.","Jul 3, 2024, 09:21 AM IST"
136,"Buy Andhra Paper, target price Rs 803", Axis Securities,"Andhra Paper Ltd., incorporated in the year 1964, is a Small Cap company (having a market cap of Rs 2457.39 Crore) operating in Paper sector","Jul 3, 2024, 09:16 AM IST"
137,"Neutral on Avenue Supermarts, target price Rs 5310", Motilal Oswal,"Avenue Supermarts Ltd., incorporated in the year 2000, is a Large Cap company (having a market cap of Rs 310650.21 Crore) operating in Retail sector.","Jul 3, 2024, 09:11 AM IST"
138,"Buy Hero MotoCorp, target price Rs 6696", Hem Securities,"Hero MotoCorp Ltd., incorporated in the year 1984, is a Large Cap company (having a market cap of Rs 111850.22 Crore) operating in Auto sector.","Jul 2, 2024, 09:35 AM IST"
139,"Buy Mahindra & Mahindra, target price Rs 3250", Prabhudas Lilladher,"Mahindra & Mahindra Ltd., incorporated in the year 1945, is a Large Cap company (having a market cap of Rs 356986.04 Crore) operating in Auto sector.","Jul 2, 2024, 09:31 AM IST"
140,"Buy R R Kabel, target price Rs 1870", JM Financial,"R R Kabel Ltd., incorporated in the year 1995, is a Small Cap company (having a market cap of Rs 19862.31 Crore) operating in Consumer Durables sector.","Jul 2, 2024, 09:27 AM IST"
141,"Buy Stove Kraft, target price Rs 780", JM Financial,"Stove Kraft Ltd., incorporated in the year 1999, is a Small Cap company (having a market cap of Rs 2138.28 Crore) operating in Consumer Durables sector.","Jul 2, 2024, 09:24 AM IST"
142,"Buy Bajaj Electricals, target price Rs 1300", JM Financial,"Bajaj Electricals Ltd. key Products/Revenue Segments include Consumer Durables, Contract Revenue, Scrap and Other Operating Revenue for the year ending 31-Mar-2022.","Jul 2, 2024, 09:21 AM IST"
143,"Buy V-Guard Industries, target price Rs 480", JM Financial,"V-Guard Industries Ltd., incorporated in the year 1996, is a Mid Cap company (having a market cap of Rs 18852.35 Crore) operating in Consumer Durables sector.","Jul 2, 2024, 09:18 AM IST"
144,"Buy Havells India, target price Rs 1930", JM Financial,"Havells India Ltd., incorporated in the year 1983, is a Large Cap company (having a market cap of Rs 114300.72 Crore) operating in Consumer Durables sector.","Jul 2, 2024, 09:14 AM IST"
145,"Buy KPIT Technologies, target price Rs 2030", JM Financial,KPIT Technologies Ltd. key Products/Revenue Segments include Software Services and Software Products for the year ending 31-Mar-2023.,"Jul 1, 2024, 10:16 AM IST"
146,"Buy Coforge, target price Rs 5570", JM Financial,Coforge Ltd. key Products/Revenue Segments include Sale of services and Software Products for the year ending 31-Mar-2023.,"Jul 1, 2024, 10:13 AM IST"
147,"Buy Kalpataru Projects International, target price Rs 1385", Motilal Oswal,"Kalpataru Projects International Ltd., incorporated in the year 1981, is a Mid Cap company (having a market cap of Rs 19098.79 Crore) operating in Power sector.","Jul 1, 2024, 10:07 AM IST"
148,"Buy Adani Ports & Special Economic Zone, target price Rs 1700", Motilal Oswal,"Adani Ports & Special Economic Zone Ltd., incorporated in the year 1998, is a Large Cap company (having a market cap of Rs 319290.14 Crore) operating in Shipping sector.","Jul 1, 2024, 09:42 AM IST"
149,"Buy Dr. Reddy's Laboratories, target price Rs 6500", Prabhudas Lilladher,"Dr. Reddy's Laboratories Ltd., incorporated in the year 1984, is a Large Cap company (having a market cap of Rs 106802.89 Crore) operating in Pharmaceuticals sector.","Jul 1, 2024, 09:37 AM IST"
150,"Buy Satia Industries, target price Rs 153", Hem Securities,"Satia Industries Ltd., incorporated in the year 1980, is a Small Cap company (having a market cap of Rs 1272.00 Crore) operating in Paper sector.","Jul 1, 2024, 09:31 AM IST"
151,"Buy JK Tyre & Industries, target price Rs 485", Axis Securities,"JK Tyre & Industries Ltd. key Products/Revenue Segments include Tyres, Tubes & Flaps, Other Services and Other Operating Revenue for the year ending 31-Mar-2023.","Jul 1, 2024, 09:27 AM IST"
152,"Buy EPL, target price Rs 250", Motilal Oswal,"EPL Ltd. key Products/Revenue Segments include Laminated Tubes, Service Charges, Royalty Income, Scrap and Export Incentives for the year ending 31-Mar-2023.","Jun 28, 2024, 12:20 PM IST"
153,"Buy Star Health, target price Rs 730.", Motilal Oswal,"Star Health and Allied Insurance Company Ltd., incorporated in the year 2005, is a Large Cap company (having a market cap of Rs 31780.89 Crore) operating in Financial Services sector.","Jun 28, 2024, 12:15 PM IST"
154,"Buy UltraTech Cement, target price Rs 13300", Motilal Oswal,"UltraTech Cement Ltd., incorporated in the year 2000, is a Large Cap company (having a market cap of Rs 333394.52 Crore) operating in Cement sector.","Jun 28, 2024, 12:12 PM IST"
155,"Buy Reliance Industries, target price Rs 3275", Motilal Oswal,"Reliance Industries Ltd., incorporated in the year 1973, is a Large Cap company (having a market cap of Rs 2088799.34 Crore) operating in Diversified sector.","Jun 28, 2024, 11:54 AM IST"
156,"Buy Godrej Properties, target price Rs 3600", Motilal Oswal,"Godrej Properties Ltd., incorporated in the year 1985, is a Large Cap company (having a market cap of Rs 86081.64 Crore) operating in Real Estate sector.","Jun 28, 2024, 11:50 AM IST"
157,"Buy TTK Prestige, target price Rs 920", ICICI Securities,TTK Prestige Ltd. key Products/Revenue Segments include Domestic Appliances and Scrap for the year ending 31-Mar-2023.,"Jun 27, 2024, 10:13 AM IST"
158,"Buy RateGain Travel Technologies, target price Rs 858", Hem Securities,"RateGain Travel Technologies Ltd., incorporated in the year 2012, is a Large Cap company (having a market cap of Rs 8668.95 Crore) operating in General sector.","Jun 27, 2024, 09:42 AM IST"
159,"Buy Cipla, target price Rs 1700", Motilal Oswal,"Cipla Ltd., incorporated in the year 1935, is a Large Cap company (having a market cap of Rs 119417.66 Crore) operating in Pharmaceuticals sector.","Jun 27, 2024, 09:38 AM IST"
160,"Buy Hindustan Unilever, target price Rs 2900", Motilal Oswal,"Hindustan Unilever Ltd., incorporated in the year 1933, is a Large Cap company (having a market cap of Rs 574616.04 Crore) operating in FMCG sector.","Jun 27, 2024, 09:35 AM IST"
161,"Buy Hindalco Industries, target price Rs 779", Prabhudas Lilladher,"Hindalco Industries Ltd., incorporated in the year 1958, is a Large Cap company (having a market cap of Rs 151619.70 Crore) operating in Metals - Non Ferrous sector.","Jun 27, 2024, 09:32 AM IST"
162,"Buy Ashoka Buildcon, target price Rs 277", Hem Securities,"Ashoka Buildcon Ltd., incorporated in the year 1993, is a Mid Cap company (having a market cap of Rs 6639.38 Crore) operating in Infrastructure sector.","Jun 27, 2024, 09:28 AM IST"
163,"Accumulate NLC India, target price Rs 300", Anand Rathi,"NLC India Ltd., incorporated in the year 1956, is a Mid Cap company (having a market cap of Rs 33528.87 Crore) operating in Power sector.","Jun 27, 2024, 09:22 AM IST"
164,"Buy Shivalik Bimetal Controls, target price Rs 730", JM Financial,"Shivalik Bimetal Controls Ltd., incorporated in the year 1984, is a Small Cap company (having a market cap of Rs 3135.97 Crore) operating in Metals - Ferrous sector.","Jun 26, 2024, 10:21 AM IST"
165,"Buy TCI Express, target price Rs 1410", Prabhudas Lilladher,"TCI Express Ltd., incorporated in the year 2008, is a Mid Cap company (having a market cap of Rs 4461.34 Crore) operating in Logistics sector.","Jun 26, 2024, 10:15 AM IST"
166,"Buy LIC Housing Finance, target price Rs 930", Motilal Oswal,"LIC Housing Finance Ltd., incorporated in the year 1989, is a Large Cap company (having a market cap of Rs 42346.60 Crore) operating in NBFC sector.","Jun 26, 2024, 10:12 AM IST"
167,"Buy Olectra Greentech, target price Rs 2086", Geojit,"Olectra Greentech Ltd., incorporated in the year 2000, is a Small Cap company (having a market cap of Rs 14841.84 Crore) operating in Electric/Electronics sector.","Jun 26, 2024, 09:43 AM IST"
168,"Hold Kalpataru Projects International, target price Rs 1211", Prabhudas Lilladher,"Kalpataru Projects International Ltd., incorporated in the year 1981, is a Mid Cap company (having a market cap of Rs 19238.50 Crore) operating in Power sector.","Jun 26, 2024, 09:39 AM IST"
169,"Buy Welspun Corp, target price Rs 620", Prabhudas Lilladher,"Welspun Corp Ltd., incorporated in the year 1995, is a Mid Cap company (having a market cap of Rs 14175.80 Crore) operating in Metals - Ferrous sector.","Jun 26, 2024, 09:35 AM IST"
170,"Buy Avalon Technologies, target price Rs 700", Prabhudas Lilladher,"Avalon Technologies Ltd., incorporated in the year 1999, is a Small Cap company (having a market cap of Rs 3650.67 Crore) operating in General sector.","Jun 26, 2024, 09:29 AM IST"
171,"Buy Oil And Natural Gas Corporation, target price Rs 340", Motilal Oswal,"Oil And Natural Gas Corporation Ltd., incorporated in the year 1993, is a Large Cap company (having a market cap of Rs 339541.74 Crore) operating in Gas & Petroleum sector.","Jun 25, 2024, 09:34 AM IST"
172,"Buy Hindustan Petroleum Corporation, target price Rs 400", Motilal Oswal,"Hindustan Petroleum Corporation Ltd., incorporated in the year 1952, is a Large Cap company (having a market cap of Rs 71909.76 Crore) operating in Gas & Petroleum sector.","Jun 25, 2024, 09:30 AM IST"
173,"Buy Computer Age Management Services, target price Rs 4200", Motilal Oswal,"Computer Age Management Services Ltd., incorporated in the year 1988, is a Small Cap company (having a market cap of Rs 17968.44 Crore) operating in Financial Services sector.","Jun 25, 2024, 09:27 AM IST"
174,"Buy Gillette India, target price Rs 8920", HDFC Securities,"Gillette India Ltd., incorporated in the year 1984, is a Large Cap company (having a market cap of Rs 24302.05 Crore) operating in FMCG sector.","Jun 25, 2024, 09:22 AM IST"
175,"Buy S P Apparels, target price Rs 801", HDFC Securities,"S P Apparels Ltd. key Products/Revenue Segments include Garments, Duty Drawback, Sale of services, Waste (Cotton), Yarn, Fabric, Cotton and Scrap for the year ending 31-Mar-2023.","Jun 25, 2024, 09:18 AM IST"
176,"Add Ujjivan Small Finance Bank, target price Rs 57", Kotak Institutional Equities,"Ujjivan Small Finance Bank Ltd., incorporated in the year 2016, is a banking company (having a market cap of Rs 8853.42 Crore).","Jun 25, 2024, 09:14 AM IST"
177,"Buy Hindalco Industries, target price Rs 791", Geojit,"Hindalco Industries Ltd., incorporated in the year 1958, is a Large Cap company (having a market cap of Rs 153990.51 Crore) operating in Metals - Non Ferrous sector.","Jun 25, 2024, 09:10 AM IST"
178,"Buy Voltas, target price Rs 1770", JM Financial,"Voltas Ltd., incorporated in the year 1954, is a Large Cap company (having a market cap of Rs 49181.05 Crore) operating in Consumer Durables sector.","Jun 24, 2024, 10:43 AM IST"
179,"Buy Star Health and Allied Insurance Company, target price Rs 730", Motilal Oswal,"Star Health and Allied Insurance Company Ltd., incorporated in the year 2005, is a Large Cap company (having a market cap of Rs 30519.60 Crore) operating in Financial Services sector.","Jun 24, 2024, 10:39 AM IST"
180,"Add Prince Pipes & Fittings, target price Rs 723", ICICI Securities,"Prince Pipes & Fittings Ltd., incorporated in the year 1987, is a Small Cap company (having a market cap of Rs 7652.49 Crore) operating in Plastics sector.","Jun 24, 2024, 09:37 AM IST"
181,"Buy JK Lakshmi Cement, target price Rs 915", Axis Securities,"JK Lakshmi Cement Ltd., incorporated in the year 1938, is a Mid Cap company (having a market cap of Rs 9771.32 Crore) operating in Cement sector.","Jun 24, 2024, 09:32 AM IST"
182,"Buy PCBL, target price Rs 335", JM Financial,"PCBL Ltd. key Products/Revenue Segments include Carbon Black, Power, Export Incentives and Scrap for the year ending 31-Mar-2023.","Jun 24, 2024, 09:26 AM IST"
183,"Hold Bajaj Auto, target price Rs 9984", Prabhudas Lilladher,"Bajaj Auto Ltd., incorporated in the year 2007, is a Large Cap company (having a market cap of Rs 268075.38 Crore) operating in Auto sector.","Jun 24, 2024, 09:23 AM IST"
184,"Buy PVR INOX, target price Rs 1700", Anand Rathi,"PVR INOX Ltd., incorporated in the year 1995, is a Mid Cap company (having a market cap of Rs 14100.45 Crore) operating in Media & Entertainment sector.","Jun 24, 2024, 09:16 AM IST"
185,"Buy Balaji Amines, target price Rs 2930", Anand Rathi,"Balaji Amines Ltd., incorporated in the year 1988, is a Small Cap company (having a market cap of Rs 7916.21 Crore) operating in Chemicals sector.","Jun 21, 2024, 09:42 AM IST"
186,"Buy Triveni Engineering & Industries, target price Rs 465", Axis Securities,"Triveni Engineering & Industries Ltd., incorporated in the year 1932, is a Small Cap company (having a market cap of Rs 9053.62 Crore) operating in Sugar sector.","Jun 21, 2024, 09:35 AM IST"
187,"Buy Rudra Global Infra Products, target price Rs 70", ProfitMart,"Rudra Global Infra Products Ltd., incorporated in the year 2010, is a Small Cap company (having a market cap of Rs 513.96 Crore) operating in Metals - Ferrous sector.","Jun 21, 2024, 09:31 AM IST"
188,"Buy Kirloskar Oil Engines, target price Rs 1500", Motilal Oswal,"Kirloskar Oil Engines Ltd., incorporated in the year 2009, is a Small Cap company (having a market cap of Rs 19443.65 Crore) operating in Engineering sector.","Jun 21, 2024, 09:20 AM IST"
189,"Buy Cummins India, target price Rs 4300", Motilal Oswal,"Cummins India Ltd., incorporated in the year 1962, is a Mid Cap company (having a market cap of Rs 106916.04 Crore) operating in Engineering sector.","Jun 21, 2024, 09:16 AM IST"
190,"Buy Lemon Tree Hotels, target price Rs 175", Motilal Oswal,"Lemon Tree Hotels Ltd. key Products/Revenue Segments include Income from Rooms, Restaurants & Other Services and Other Operating Revenue for the year ending 31-Mar-2023.","Jun 21, 2024, 09:08 AM IST"
191,"Buy Indian Hotels Company, target price Rs 680", Motilal Oswal,"Indian Hotels Company Ltd., incorporated in the year 1902, is a Mid Cap company (having a market cap of Rs 90871.91 Crore) operating in Tourism & Hospitality sector.","Jun 21, 2024, 09:00 AM IST"
192,"Buy HDFC Life Insurance Company, target price Rs 710", Geojit,"HDFC Life Insurance Company Ltd., incorporated in the year 2000, is a Large Cap company (having a market cap of Rs 128239.29 Crore) operating in Financial Services sector.","Jun 20, 2024, 10:31 AM IST"
193,"Accumulate Ambuja Cements, target price Rs 697", Prabhudas Lilladher,"Ambuja Cements Ltd., incorporated in the year 1981, is a Large Cap company (having a market cap of Rs 164241.07 Crore) operating in Cement sector.","Jun 20, 2024, 09:38 AM IST"
194,"Buy Engineers India, target price Rs 295", Prabhudas Lilladher,"Engineers India Ltd., incorporated in the year 1965, is a Mid Cap company (having a market cap of Rs 14848.60 Crore) operating in Services sector.","Jun 20, 2024, 09:30 AM IST"
195,"Buy Apollo Hospitals Enterprise, target price Rs 7059", Geojit,"Apollo Hospitals Enterprise Ltd., incorporated in the year 1979, is a Large Cap company (having a market cap of Rs 88766.18 Crore) operating in Hospitals & Allied Services sector.","Jun 20, 2024, 09:20 AM IST"
196,"Buy Cyient DLM, target price Rs 851", LKP Securities,"Cyient DLM Ltd., incorporated in the year 1993, is a Small Cap company (having a market cap of Rs 5712.82 Crore) operating in General sector.","Jun 20, 2024, 09:10 AM IST"
197,"Buy DCB Bank, target price Rs 175", Motilal Oswal,"DCB Bank Ltd., incorporated in the year 1995, is a banking company (having a market cap of Rs 4301.69 Crore).","Jun 20, 2024, 09:01 AM IST"
198,"Add Happiest Minds Technologies, target price Rs 900", HDFC Securities,"Happiest Minds Technologies Ltd., incorporated in the year 2011, is a Small Cap company (having a market cap of Rs 13516.67 Crore) operating in IT Software sector.","Jun 20, 2024, 08:57 AM IST"
199,"Add Chemplast Sanmar, target price Rs 665", ICICI Securities,"Chemplast Sanmar Ltd., incorporated in the year 1985, is a Small Cap company (having a market cap of Rs 1187.55 Crore) operating in Chemicals sector.","Jun 19, 2024, 11:01 AM IST"
200,"Buy Navin Fluorine International, target price Rs 4135", ICICI Securities,"Navin Fluorine International Ltd., incorporated in the year 1998, is a Mid Cap company (having a market cap of Rs 17844.94 Crore) operating in Chemicals sector.","Jun 19, 2024, 10:58 AM IST"
201,"Buy IIFL Finance, target price Rs 570", Motilal Oswal,"IIFL Finance Ltd., incorporated in the year 1995, is a Mid Cap company (having a market cap of Rs 20426.35 Crore) operating in NBFC sector.","Jun 19, 2024, 10:33 AM IST"
202,"Buy Trent, target price Rs 5800", Motilal Oswal,"Trent Ltd., incorporated in the year 1952, is a Large Cap company (having a market cap of Rs 190457.23 Crore) operating in Retail sector.","Jun 19, 2024, 10:29 AM IST"
203,"Buy MMTC, target price Rs 90", Prabhudas Lilladher,"MMTC Ltd., incorporated in the year 1963, is a Mid Cap company (having a market cap of Rs 12574.50 Crore) operating in Trading sector.","Jun 19, 2024, 09:41 AM IST"
204,"Buy Krishna Institute of Medical Sciences, target price Rs 2200", Prabhudas Lilladher,"Krishna Institute of Medical Sciences Ltd., incorporated in the year 1973, is a Small Cap company (having a market cap of Rs 16326.47 Crore) operating in Hospitals & Allied Services sector.","Jun 19, 2024, 09:37 AM IST"
205,"Buy Ramkrishna Forgings, target price Rs 850", Prabhudas Lilladher,"Ramkrishna Forgings Ltd., incorporated in the year 1981, is a Small Cap company (having a market cap of Rs 14630.22 Crore) operating in Auto Ancillaries sector.","Jun 19, 2024, 09:34 AM IST"
206,"Buy DOMS Industries, target price Rs 2000", JM Financial,"DOMS Industries Ltd., incorporated in the year 2006, is a Small Cap company (having a market cap of Rs 11671.67 Crore) operating in Paper sector.","Jun 18, 2024, 10:03 AM IST"
207,"Buy FSN E-Commerce Ventures, target price Rs 230", JM Financial,"FSN E-Commerce Ventures Ltd., incorporated in the year 2012, is a Small Cap company (having a market cap of Rs 48854.49 Crore) operating in Services sector.","Jun 18, 2024, 09:59 AM IST"
208,"Buy Zomato, target price Rs 250", JM Financial,"Zomato Ltd., incorporated in the year 2010, is a Small Cap company (having a market cap of Rs 164259.65 Crore) operating in Services sector.","Jun 18, 2024, 09:56 AM IST"
209,"Buy Mahindra & Mahindra Financial Services, target price Rs 355", Motilal Oswal,"Mahindra & Mahindra Financial Services Ltd., incorporated in the year 1991, is a Large Cap company (having a market cap of Rs 36936.17 Crore) operating in NBFC sector.","Jun 18, 2024, 09:26 AM IST"
210,"Buy ICICI Lombard, target price Rs 2100", Motilal Oswal,"ICICI Lombard General Insurance Company Ltd., incorporated in the year 2000, is a Large Cap company (having a market cap of Rs 85278.90 Crore) operating in Financial Services sector.","Jun 18, 2024, 09:15 AM IST"
211,"Buy Macrotech Developers, target price Rs 1770", Motilal Oswal,"Macrotech Developers Ltd., incorporated in the year 1995, is a Small Cap company (having a market cap of Rs 154846.78 Crore) operating in Real Estate sector.","Jun 18, 2024, 09:11 AM IST"
212,"Buy Mahindra & Mahindra, target price Rs 3310", Motilal Oswal,"Mahindra & Mahindra Ltd., incorporated in the year 1945, is a Large Cap company (having a market cap of Rs 364179.85 Crore) operating in Auto sector.","Jun 18, 2024, 09:07 AM IST"
213,"Buy Godrej Consumer Products, target price Rs 1650", ICICI Securities,"Godrej Consumer Products Ltd., incorporated in the year 2000, is a Large Cap company (having a market cap of Rs 144146.07 Crore) operating in FMCG sector.","Jun 14, 2024, 09:49 AM IST"
214,"Buy Bajaj Consumer Care, target price Rs 300", ICICI Securities,"Bajaj Consumer Care Ltd., incorporated in the year 2006, is a Mid Cap company (having a market cap of Rs 3744.34 Crore) operating in FMCG sector.","Jun 14, 2024, 09:46 AM IST"
215,"Buy PDS, target price Rs 780", JM Financial,"PDS Ltd. key Products/Revenue Segments include Textiles, Sale of services and Rental Income for the year ending 31-Mar-2023.","Jun 14, 2024, 09:25 AM IST"
216,"Buy SBI Cards and Payment Services, target price Rs 855", Anand Rathi,"SBI Cards and Payment Services Ltd. key Products/Revenue Segments include Fees & Commission Income, Interest, Other Services, Sale of services and Commission for the year ending 31-Mar-2023.","Jun 14, 2024, 09:22 AM IST"
217,"Buy Andhra Sugars, target price Rs 140", Axis Securities,"Andhra Sugars Ltd., incorporated in the year 1947, is a Small Cap company (having a market cap of Rs 1686.06 Crore) operating in Diversified sector.","Jun 14, 2024, 09:18 AM IST"
218,"Buy Hindustan Petroleum Corporation, target price Rs 600", Motilal Oswal,"Hindustan Petroleum Corporation Ltd. key Products/Revenue Segments include Refinery, Rent and Other Operating Revenue for the year ending 31-Mar-2023.","Jun 14, 2024, 09:14 AM IST"
219,"Buy Indian Oil Corporation, target price Rs 195", Motilal Oswal,"Indian Oil Corporation Ltd., incorporated in the year 1959, is a Large Cap company (having a market cap of Rs 238578.32 Crore) operating in Gas & Petroleum sector.","Jun 14, 2024, 09:11 AM IST"
220,"Buy GMR Airports Infrastructure, target price Rs 112", Anand Rathi,"GMR Airports Infrastructure Ltd., incorporated in the year 1996, is a Mid Cap company (having a market cap of Rs 54401.97 Crore) operating in Infrastructure sector.","Jun 13, 2024, 09:35 AM IST"
221,"Buy Varun Beverages, target price Rs 1900", Anand Rathi,"Varun Beverages Ltd., incorporated in the year 1995, is a Large Cap company (having a market cap of Rs 202414.61 Crore) operating in FMCG sector.","Jun 13, 2024, 09:32 AM IST"
222,"Buy Hindustan Zinc, target price Rs 890", Anand Rathi,"Hindustan Zinc Ltd., incorporated in the year 1966, is a Large Cap company (having a market cap of Rs 290807.58 Crore) operating in Metals - Non Ferrous sector.","Jun 13, 2024, 09:24 AM IST"
223,"Buy Trent, target price Rs 5500", Motilal Oswal,"Trent Ltd., incorporated in the year 1952, is a Large Cap company (having a market cap of Rs 178742.06 Crore) operating in Retail sector.","Jun 13, 2024, 09:19 AM IST"
224,"Buy Mankind Pharma, target price Rs 2650", Motilal Oswal,"Mankind Pharma Ltd., incorporated in the year 1991, is a Small Cap company (having a market cap of Rs 89132.93 Crore) operating in Pharmaceuticals sector.","Jun 13, 2024, 09:16 AM IST"
225,"Sell GAIL (India), target price Rs 170", Prabhudas Lilladher,"GAIL (India) Ltd., incorporated in the year 1984, is a Large Cap company (having a market cap of Rs 142627.06 Crore) operating in Gas & Petroleum sector.","Jun 13, 2024, 09:11 AM IST"
226,"Buy Mold-Tek Packaging, target price Rs 957", Geojit,"Mold-Tek Packaging Ltd., incorporated in the year 1997, is a Small Cap company (having a market cap of Rs 2658.65 Crore) operating in Plastics sector.","Jun 13, 2024, 09:08 AM IST"
227,"Buy India Shelter Finance Corporation, target price Rs 800", ICICI Securities,"India Shelter Finance Corporation Ltd., incorporated in the year 1998, is a Small Cap company (having a market cap of Rs 6965.82 Crore) operating in NBFC sector.","Jun 12, 2024, 10:08 AM IST"
228,"Buy Tata Motors, target price Rs 1200", JM Financial,"Tata Motors Ltd., incorporated in the year 1945, is a Large Cap company (having a market cap of Rs 328086.28 Crore) operating in Auto sector.","Jun 12, 2024, 10:05 AM IST"
229,"Buy Coal India, target price Rs 545", Anand Rathi,"Coal India Ltd., incorporated in the year 1973, is a Large Cap company (having a market cap of Rs 293561.56 Crore) operating in Mining sector.","Jun 12, 2024, 09:28 AM IST"
230,"Buy JK Paper, target price Rs 720", Prabhudas Lilladher,"JK Paper Ltd., incorporated in the year 1960, is a Small Cap company (having a market cap of Rs 7359.68 Crore) operating in Paper sector.","Jun 12, 2024, 09:25 AM IST"
231,"Buy Clean Science & Technology, target price Rs 1575", Anand Rathi,"Clean Science & Technology Ltd., incorporated in the year 2003, is a Small Cap company (having a market cap of Rs 14561.84 Crore) operating in Chemicals sector.","Jun 12, 2024, 09:21 AM IST"
232,"Buy Engineers India, target price Rs 295", Prabhudas Lilladher,"Engineers India Ltd., incorporated in the year 1965, is a Mid Cap company (having a market cap of Rs 13869.52 Crore) operating in Services sector.","Jun 12, 2024, 09:17 AM IST"
233,"Buy Home First Finance Company India, target price Rs 1080", Motilal Oswal,"Home First Finance Company India Ltd., incorporated in the year 2010, is a Small Cap company (having a market cap of Rs 8183.32 Crore) operating in NBFC sector.","Jun 12, 2024, 09:13 AM IST"
234,"Buy Aptech, target price Rs 280", Prabhudas Lilladher,"Aptech Ltd., incorporated in the year 2000, is a Small Cap company (having a market cap of Rs 1347.64 Crore) operating in Services sector.","Jun 11, 2024, 09:46 AM IST"
235,"Buy HCL Technologies, target price Rs 1650", HDFC Securities,"HCL Technologies Ltd., incorporated in the year 1991, is a Large Cap company (having a market cap of Rs 385001.24 Crore) operating in IT Software sector.","Jun 11, 2024, 09:43 AM IST"
236,"Buy Berger Paints (India), target price Rs 575", Anand Rathi,"Berger Paints (India) Ltd., incorporated in the year 1923, is a Large Cap company (having a market cap of Rs 57351.34 Crore) operating in Building Materials sector.","Jun 11, 2024, 09:39 AM IST"
237,"Buy Galaxy Surfactants, target price Rs 3450", Motilal Oswal,Galaxy Surfactants Ltd. key Products/Revenue Segments include Other Operating Revenue and Scrap for the year ending 31-Mar-2023.,"Jun 11, 2024, 09:34 AM IST"
238,"Buy Vinati Organics, target price Rs 2080", Motilal Oswal,"Vinati Organics Ltd., incorporated in the year 1989, is a Mid Cap company (having a market cap of Rs 18429.16 Crore) operating in Chemicals sector.","Jun 11, 2024, 09:31 AM IST"
239,"Buy PI Industries, target price Rs 4280", Motilal Oswal,"PI Industries Ltd., incorporated in the year 1946, is a Large Cap company (having a market cap of Rs 55232.98 Crore) operating in Pesticides/Agro Chemicals sector.","Jun 11, 2024, 09:28 AM IST"
240,"Buy Finolex Cables, target price Rs 1950", Anand Rathi,"Finolex Cables Ltd. key Products/Revenue Segments include Electrical Cables, Cables, Others, Scrap and Copper Rods for the year ending 31-Mar-2023.","Jun 10, 2024, 11:23 AM IST"
241,"Buy Tata Steel, target price Rs 197", Axis Securities,"Tata Steel Ltd., incorporated in the year 1907, is a Large Cap company (having a market cap of Rs 223330.38 Crore) operating in Metals - Ferrous sector","Jun 10, 2024, 11:17 AM IST"
242,"Buy DOMS Industries, target price Rs 2250", ICICI Securities,"DOMS Industries Ltd., incorporated in the year 2006, is a Small Cap company (having a market cap of Rs 11534.82 Crore) operating in Paper sector.","Jun 10, 2024, 10:52 AM IST"
243,"Buy Suzlon Energy, target price Rs 60", ICICI Securities,"Suzlon Energy Ltd. key Products/Revenue Segments include Wind Turbine Generator, Sale of services, Other Operating Revenue, Scrap for the year ending 31-Mar-2023.","Jun 10, 2024, 10:36 AM IST"
244,"Buy Ceat, target price Rs 2930", Motilal Oswal,"Ceat Ltd., incorporated in the year 1958, is a Mid Cap company (having a market cap of Rs 9934.74 Crore) operating in Tyres sector.","Jun 10, 2024, 09:30 AM IST"
245,"Buy Mahanagar Gas, target price Rs 1565", Motilal Oswal,"Mahanagar Gas Ltd., incorporated in the year 1995, is a Mid Cap company (having a market cap of Rs 13641.71 Crore) operating in Gas & Petroleum sector.","Jun 10, 2024, 09:27 AM IST"
246,"Buy JSW Steel, target price Rs 1070", Motilal Oswal,"JSW Steel Ltd., incorporated in the year 1994, is a Large Cap company (having a market cap of Rs 223062.08 Crore) operating in Metals - Ferrous sector.","Jun 10, 2024, 09:12 AM IST"
247,"Buy Pitti Engineering, target price Rs 1180", Axis Securities,"Pitti Engineering Ltd., incorporated in the year 1983, is a Small Cap company (having a market cap of Rs 2918.16 Crore) operating in Industrial Consumables sector.","Jun 7, 2024, 10:43 AM IST"
248,"Add Natco Pharma, target price Rs 1145", ICICI Securities,"Natco Pharma Ltd., incorporated in the year 1981, is a Mid Cap company (having a market cap of Rs 18515.48 Crore) operating in Pharmaceuticals sector.","Jun 7, 2024, 10:39 AM IST"
249,"Buy Syrma SGS Technology, target price Rs 535", Motilal Oswal,"Syrma SGS Technology Ltd., incorporated in the year 2004, is a Small Cap company (having a market cap of Rs 8035.72 Crore) operating in General sector.","Jun 7, 2024, 09:42 AM IST"
250,"Buy Cyient DLM, target price Rs 840", Motilal Oswal,"Cyient DLM Ltd., incorporated in the year 1993, is a Small Cap company (having a market cap of Rs 5187.81 Crore) operating in General sector.","Jun 7, 2024, 09:24 AM IST"
251,"Buy Avalon Technologies, target price Rs 570", Motilal Oswal,"Avalon Technologies Ltd., incorporated in the year 1999, is a Small Cap company (having a market cap of Rs 3153.55 Crore) operating in General sector.","Jun 7, 2024, 09:21 AM IST"
252,"Buy Kaynes Technology India, target price Rs 3680", Motilal Oswal,"Kaynes Technology India Ltd., incorporated in the year 2008, is a Small Cap company (having a market cap of Rs 19965.77 Crore) operating in General sector.","Jun 7, 2024, 09:17 AM IST"
253,"Buy Bharat Electronics, target price Rs 310", Motilal Oswal,"Bharat Electronics Ltd., incorporated in the year 1954, is a Large Cap company (having a market cap of Rs 200032.10 Crore) operating in Defence sector.","Jun 7, 2024, 09:12 AM IST"
254,"Add ITC, target price Rs 460", Emkay Global,"ITC Ltd., incorporated in the year 1910, is a Large Cap company (having a market cap of Rs 539652.09 Crore) operating in Tobacco sector.","Jun 6, 2024, 11:35 AM IST"
255,"Buy Dr. Reddy's Laboratories, target price Rs 6500", Prabhudas Lilladher,"Dr. Reddy's Laboratories Ltd., incorporated in the year 1984, is a Large Cap company (having a market cap of Rs 96680.36 Crore) operating in Pharmaceuticals sector","Jun 6, 2024, 11:31 AM IST"
